{"cameraMode":{"drawMode":0,"name":"Shaded","section":"Shading Mode"},"sceneLighting":true,"audioPlay":false,"sceneViewState":{"showFog":true,"showMaterialUpdate":false,"showSkybox":true,"showFlares":true,"showImageEffects":true,"showParticleSystems":true},"in2DMode":false,"pivot":{"x":40.052093505859378,"y":6.941387176513672,"z":42.303916931152347},"rotation":{"x":0.08762774616479874,"y":-0.9007387161254883,"z":0.21500059962272645,"w":0.36711421608924868},"size":41.59423828125,"orthographic":false}