{"cameraMode":{"drawMode":0,"name":"Shaded","section":"Shading Mode"},"sceneLighting":false,"audioPlay":false,"sceneViewState":{"showFog":true,"showMaterialUpdate":false,"showSkybox":false,"showFlares":true,"showImageEffects":true,"showParticleSystems":true},"in2DMode":false,"pivot":{"x":10.358131408691407,"y":5.104326248168945,"z":1.642354965209961},"rotation":{"x":0.08762774616479874,"y":-0.9007387161254883,"z":0.21500059962272645,"w":0.36711421608924868},"size":40.6157112121582,"orthographic":false}