{"cameraMode":{"drawMode":0,"name":"Shaded","section":"Shading Mode"},"sceneLighting":false,"audioPlay":false,"sceneViewState":{"showFog":true,"showMaterialUpdate":false,"showSkybox":false,"showFlares":true,"showImageEffects":true,"showParticleSystems":true},"in2DMode":false,"pivot":{"x":0.35000038146972659,"y":8.710000038146973,"z":0.0},"rotation":{"x":0.003677955362945795,"y":-0.9941294193267822,"z":0.1020650714635849,"w":0.03581927344202995},"size":26.088790893554689,"orthographic":false}