{"cameraMode":{"drawMode":0,"name":"Shaded","section":"Shading Mode"},"sceneLighting":true,"audioPlay":false,"sceneViewState":{"showFog":true,"showMaterialUpdate":false,"showSkybox":false,"showFlares":true,"showImageEffects":true,"showParticleSystems":true},"in2DMode":false,"pivot":{"x":-43.256309509277347,"y":-12.32557487487793,"z":-77.86416625976563},"rotation":{"x":0.08762774616479874,"y":-0.9007387161254883,"z":0.21500059962272645,"w":0.36711421608924868},"size":34.636192321777347,"orthographic":false}